{
  "version": 1,
  "author": "10221030 Riandy Abdillah Kurniawan",
  "editor": "wokwi",
  "parts": [
    { "type": "wokwi-arduino-uno", "id": "uno", "top": 211.8, "left": -0.6, "attrs": {} },
    { "type": "wokwi-led", "id": "led1", "top": -61.2, "left": -73, "attrs": { "color": "red" } },
    { "type": "wokwi-led", "id": "led2", "top": -61.2, "left": -25, "attrs": { "color": "red" } },
    { "type": "wokwi-led", "id": "led3", "top": -61.2, "left": 23, "attrs": { "color": "red" } },
    { "type": "wokwi-led", "id": "led4", "top": -61.2, "left": 71, "attrs": { "color": "red" } },
    {
      "type": "wokwi-led",
      "id": "led5",
      "top": -61.2,
      "left": 128.6,
      "attrs": { "color": "red" }
    },
    {
      "type": "wokwi-led",
      "id": "led6",
      "top": -61.2,
      "left": 176.6,
      "attrs": { "color": "red" }
    },
    {
      "type": "wokwi-led",
      "id": "led7",
      "top": -61.2,
      "left": 224.6,
      "attrs": { "color": "red" }
    },
    {
      "type": "wokwi-led",
      "id": "led8",
      "top": -61.2,
      "left": 282.2,
      "attrs": { "color": "red" }
    },
    {
      "type": "wokwi-resistor",
      "id": "r1",
      "top": 4.8,
      "left": -67.75,
      "rotate": 90,
      "attrs": { "value": "1000" }
    },
    {
      "type": "wokwi-resistor",
      "id": "r2",
      "top": 4.8,
      "left": 133.85,
      "rotate": 90,
      "attrs": { "value": "1000" }
    },
    {
      "type": "wokwi-resistor",
      "id": "r3",
      "top": 4.8,
      "left": 85.85,
      "rotate": 90,
      "attrs": { "value": "1000" }
    },
    {
      "type": "wokwi-resistor",
      "id": "r4",
      "top": 14.4,
      "left": 28.25,
      "rotate": 90,
      "attrs": { "value": "1000" }
    },
    {
      "type": "wokwi-resistor",
      "id": "r5",
      "top": 14.4,
      "left": -19.75,
      "rotate": 90,
      "attrs": { "value": "1000" }
    },
    {
      "type": "wokwi-resistor",
      "id": "r6",
      "top": 4.8,
      "left": 239.45,
      "rotate": 90,
      "attrs": { "value": "1000" }
    },
    {
      "type": "wokwi-resistor",
      "id": "r7",
      "top": 14.4,
      "left": 191.45,
      "rotate": 90,
      "attrs": { "value": "1000" }
    },
    {
      "type": "wokwi-resistor",
      "id": "r8",
      "top": 14.4,
      "left": 287.45,
      "rotate": 90,
      "attrs": { "value": "1000" }
    }
  ],
  "connections": [
    [ "led1:A", "r1:1", "green", [ "v0" ] ],
    [ "led2:A", "r5:1", "green", [ "v0" ] ],
    [ "led3:A", "r4:1", "green", [ "v0" ] ],
    [ "led4:A", "r3:1", "green", [ "v0" ] ],
    [ "led5:A", "r2:1", "green", [ "v0" ] ],
    [ "led6:A", "r7:1", "green", [ "v0" ] ],
    [ "led7:A", "r6:1", "green", [ "v0" ] ],
    [ "led8:A", "r8:1", "green", [ "v0" ] ],
    [ "led8:C", "uno:GND.1", "black", [ "v153.6", "h-9.2" ] ],
    [ "led7:C", "uno:GND.1", "black", [ "v153.6", "h0.4" ] ],
    [ "led6:C", "uno:GND.1", "black", [ "v153.6", "h0.4" ] ],
    [ "led5:C", "uno:GND.1", "black", [ "v153.6", "h0.4" ] ],
    [ "led4:C", "uno:GND.1", "black", [ "v153.6", "h19.6" ] ],
    [ "led3:C", "uno:GND.1", "black", [ "v153.6", "h67.6" ] ],
    [ "led2:C", "uno:GND.1", "black", [ "v153.6", "h115.6" ] ],
    [ "led1:C", "uno:GND.1", "black", [ "v153.6", "h163.6" ] ],
    [ "r8:2", "uno:2", "blue", [ "h0", "v37.2", "h-96" ] ],
    [ "r6:2", "uno:3", "blue", [ "h0", "v46.8", "h-57.6" ] ],
    [ "r7:2", "uno:4", "blue", [ "h0", "v37.2", "h-19.2" ] ],
    [ "r2:2", "uno:5", "blue", [ "h0", "v46.8", "h48" ] ],
    [ "r3:2", "uno:6", "blue", [ "h0", "v46.8", "h57.6" ] ],
    [ "r4:2", "uno:7", "blue", [ "h0", "v37.2", "h67.2" ] ],
    [ "r5:2", "uno:8", "blue", [ "h0", "v37.2", "h153.6" ] ],
    [ "r1:2", "uno:9", "blue", [ "h0", "v46.8", "h182.4" ] ]
  ],
  "dependencies": {}
}